id, book_name, writter
0118000001, SampleName, SampleWritter
0118000002, SampleName, SampleWritter
0118000003, SampleName, SampleWritter
0118000004, SampleName, SampleWritter
0118000005, SampleName, SampleWritter
0118000006, SampleName, SampleWritter
0118000007, SampleName, SampleWritter
0118000008, SampleName, SampleWritter
0118000009, SampleName, SampleWritter
0118000010, SampleName, SampleWritter
0118000011, SampleName, SampleWritter
0118000012, SampleName, SampleWritter
0118000013, SampleName, SampleWritter
0118000014, SampleName, SampleWritter
0118000015, SampleName, SampleWritter
0118000016, SampleName, SampleWritter
0118000017, SampleName, SampleWritter
0118000018, SampleName, SampleWritter
0118000019, SampleName, SampleWritter
0118000020, SampleName, SampleWritter
0118000021, SampleName, SampleWritter
0118000022, SampleName, SampleWritter
0118000023, SampleName, SampleWritter
0118000024, SampleName, SampleWritter
0118000025, SampleName, SampleWritter
0118000026, SampleName, SampleWritter
0118000027, SampleName, SampleWritter
0118000028, SampleName, SampleWritter
0118000029, SampleName, SampleWritter
0118000030, SampleName, SampleWritter
0118000031, SampleName, SampleWritter
0118000032, SampleName, SampleWritter
0118000033, SampleName, SampleWritter
0118000034, SampleName, SampleWritter
0118000035, SampleName, SampleWritter
0118000036, SampleName, SampleWritter
0118000037, SampleName, SampleWritter
0118000038, SampleName, SampleWritter
0118000039, SampleName, SampleWritter
0118000040, SampleName, SampleWritter
0118000041, SampleName, SampleWritter
0118000042, SampleName, SampleWritter
0118000043, SampleName, SampleWritter
0118000044, SampleName, SampleWritter
0118000045, SampleName, SampleWritter
0118000046, SampleName, SampleWritter
0118000047, SampleName, SampleWritter
0118000048, SampleName, SampleWritter
0118000049, SampleName, SampleWritter
0118000050, SampleName, SampleWritter
0118000051, SampleName, SampleWritter
0118000052, SampleName, SampleWritter
0118000053, SampleName, SampleWritter
0118000054, SampleName, SampleWritter
0118000055, SampleName, SampleWritter
0118000056, SampleName, SampleWritter
0118000057, SampleName, SampleWritter
0118000058, SampleName, SampleWritter
0118000059, SampleName, SampleWritter
0118000060, SampleName, SampleWritter
0118000061, SampleName, SampleWritter
0118000062, SampleName, SampleWritter
0118000063, SampleName, SampleWritter
0118000064, SampleName, SampleWritter
0118000065, SampleName, SampleWritter
0118000066, SampleName, SampleWritter
0118000067, SampleName, SampleWritter
0118000068, SampleName, SampleWritter
0118000069, SampleName, SampleWritter
0118000070, SampleName, SampleWritter